timestamp,index,name,memory.used MiB,memory.total MiB,utilization.gpu %
2026/07/15 10:42:38.385, 0, NVIDIA A100-SXM4-40GB, 0, 40960, 0
2026/07/15 10:42:48.435, 0, NVIDIA A100-SXM4-40GB, 0, 40960, 0
2026/07/15 10:42:58.471, 0, NVIDIA A100-SXM4-40GB, 0, 40960, 0
2026/07/15 10:43:08.506, 0, NVIDIA A100-SXM4-40GB, 0, 40960, 0
2026/07/15 10:43:18.542, 0, NVIDIA A100-SXM4-40GB, 0, 40960, 0
2026/07/15 10:43:28.578, 0, NVIDIA A100-SXM4-40GB, 0, 40960, 0
2026/07/15 10:43:38.617, 0, NVIDIA A100-SXM4-40GB, 0, 40960, 0
2026/07/15 10:43:48.653, 0, NVIDIA A100-SXM4-40GB, 0, 40960, 0
2026/07/15 10:43:58.688, 0, NVIDIA A100-SXM4-40GB, 0, 40960, 0
2026/07/15 10:44:08.735, 0, NVIDIA A100-SXM4-40GB, 0, 40960, 0
2026/07/15 10:44:18.782, 0, NVIDIA A100-SXM4-40GB, 0, 40960, 0
2026/07/15 10:44:28.818, 0, NVIDIA A100-SXM4-40GB, 0, 40960, 0
2026/07/15 10:44:38.856, 0, NVIDIA A100-SXM4-40GB, 0, 40960, 0
2026/07/15 10:44:48.892, 0, NVIDIA A100-SXM4-40GB, 0, 40960, 0
2026/07/15 10:44:58.929, 0, NVIDIA A100-SXM4-40GB, 0, 40960, 0
2026/07/15 10:45:08.967, 0, NVIDIA A100-SXM4-40GB, 0, 40960, 0
2026/07/15 10:45:19.004, 0, NVIDIA A100-SXM4-40GB, 0, 40960, 0
2026/07/15 10:45:29.041, 0, NVIDIA A100-SXM4-40GB, 0, 40960, 0
2026/07/15 10:45:39.080, 0, NVIDIA A100-SXM4-40GB, 0, 40960, 0
2026/07/15 10:45:49.116, 0, NVIDIA A100-SXM4-40GB, 0, 40960, 0
2026/07/15 10:45:59.153, 0, NVIDIA A100-SXM4-40GB, 0, 40960, 0
2026/07/15 10:46:09.189, 0, NVIDIA A100-SXM4-40GB, 0, 40960, 0
2026/07/15 10:46:19.237, 0, NVIDIA A100-SXM4-40GB, 0, 40960, 0
2026/07/15 10:46:29.274, 0, NVIDIA A100-SXM4-40GB, 0, 40960, 0
2026/07/15 10:46:39.312, 0, NVIDIA A100-SXM4-40GB, 0, 40960, 0
2026/07/15 10:46:49.349, 0, NVIDIA A100-SXM4-40GB, 0, 40960, 0
2026/07/15 10:46:59.387, 0, NVIDIA A100-SXM4-40GB, 0, 40960, 0
2026/07/15 10:47:09.424, 0, NVIDIA A100-SXM4-40GB, 0, 40960, 0
2026/07/15 10:47:19.460, 0, NVIDIA A100-SXM4-40GB, 0, 40960, 0
2026/07/15 10:47:29.496, 0, NVIDIA A100-SXM4-40GB, 8509, 40960, 3
2026/07/15 10:47:39.561, 0, NVIDIA A100-SXM4-40GB, 8611, 40960, 12
2026/07/15 10:47:49.595, 0, NVIDIA A100-SXM4-40GB, 8647, 40960, 11
2026/07/15 10:47:59.629, 0, NVIDIA A100-SXM4-40GB, 8683, 40960, 11
2026/07/15 10:48:09.663, 0, NVIDIA A100-SXM4-40GB, 7127, 40960, 38
2026/07/15 10:48:19.696, 0, NVIDIA A100-SXM4-40GB, 19797, 40960, 100
2026/07/15 10:48:29.736, 0, NVIDIA A100-SXM4-40GB, 16117, 40960, 100
2026/07/15 10:48:39.775, 0, NVIDIA A100-SXM4-40GB, 19797, 40960, 100
2026/07/15 10:48:49.812, 0, NVIDIA A100-SXM4-40GB, 16117, 40960, 100
2026/07/15 10:48:59.851, 0, NVIDIA A100-SXM4-40GB, 20777, 40960, 76
2026/07/15 10:49:09.889, 0, NVIDIA A100-SXM4-40GB, 21957, 40960, 100
2026/07/15 10:49:19.925, 0, NVIDIA A100-SXM4-40GB, 27937, 40960, 100
2026/07/15 10:49:29.971, 0, NVIDIA A100-SXM4-40GB, 21155, 40960, 100
2026/07/15 10:49:40.015, 0, NVIDIA A100-SXM4-40GB, 27495, 40960, 100
2026/07/15 10:49:50.051, 0, NVIDIA A100-SXM4-40GB, 19797, 40960, 100
2026/07/15 10:50:00.089, 0, NVIDIA A100-SXM4-40GB, 6795, 40960, 46
2026/07/15 10:50:10.123, 0, NVIDIA A100-SXM4-40GB, 19797, 40960, 100
2026/07/15 10:50:20.158, 0, NVIDIA A100-SXM4-40GB, 16117, 40960, 100
2026/07/15 10:50:30.196, 0, NVIDIA A100-SXM4-40GB, 19797, 40960, 100
2026/07/15 10:50:40.237, 0, NVIDIA A100-SXM4-40GB, 26599, 40960, 100
2026/07/15 10:50:50.274, 0, NVIDIA A100-SXM4-40GB, 38899, 40960, 100
2026/07/15 10:51:00.314, 0, NVIDIA A100-SXM4-40GB, 20417, 40960, 100
2026/07/15 10:51:10.350, 0, NVIDIA A100-SXM4-40GB, 26599, 40960, 100
2026/07/15 10:51:20.400, 0, NVIDIA A100-SXM4-40GB, 36317, 40960, 100
2026/07/15 10:51:30.436, 0, NVIDIA A100-SXM4-40GB, 27655, 40960, 100
2026/07/15 10:51:40.476, 0, NVIDIA A100-SXM4-40GB, 26599, 40960, 100
2026/07/15 10:51:50.560, 0, NVIDIA A100-SXM4-40GB, 19917, 40960, 100
2026/07/15 10:52:00.595, 0, NVIDIA A100-SXM4-40GB, 26599, 40960, 100
2026/07/15 10:52:10.631, 0, NVIDIA A100-SXM4-40GB, 38899, 40960, 100
2026/07/15 10:52:20.700, 0, NVIDIA A100-SXM4-40GB, 19917, 40960, 98
2026/07/15 10:52:30.750, 0, NVIDIA A100-SXM4-40GB, 26599, 40960, 100
2026/07/15 10:52:40.789, 0, NVIDIA A100-SXM4-40GB, 35157, 40960, 100
2026/07/15 10:52:50.831, 0, NVIDIA A100-SXM4-40GB, 27655, 40960, 100
2026/07/15 10:53:00.866, 0, NVIDIA A100-SXM4-40GB, 26599, 40960, 100
2026/07/15 10:53:10.909, 0, NVIDIA A100-SXM4-40GB, 19917, 40960, 100
2026/07/15 10:53:20.948, 0, NVIDIA A100-SXM4-40GB, 26599, 40960, 100
2026/07/15 10:53:30.984, 0, NVIDIA A100-SXM4-40GB, 38899, 40960, 100
2026/07/15 10:53:41.028, 0, NVIDIA A100-SXM4-40GB, 19917, 40960, 100
2026/07/15 10:53:51.065, 0, NVIDIA A100-SXM4-40GB, 26599, 40960, 100
2026/07/15 10:54:01.141, 0, NVIDIA A100-SXM4-40GB, 38057, 40960, 100
2026/07/15 10:54:11.177, 0, NVIDIA A100-SXM4-40GB, 27655, 40960, 100
2026/07/15 10:54:21.213, 0, NVIDIA A100-SXM4-40GB, 22257, 40960, 100
2026/07/15 10:54:31.259, 0, NVIDIA A100-SXM4-40GB, 26835, 40960, 100
2026/07/15 10:54:41.303, 0, NVIDIA A100-SXM4-40GB, 19897, 40960, 100
2026/07/15 10:54:51.338, 0, NVIDIA A100-SXM4-40GB, 6775, 40960, 100
2026/07/15 10:55:01.371, 0, NVIDIA A100-SXM4-40GB, 19897, 40960, 100
2026/07/15 10:55:11.408, 0, NVIDIA A100-SXM4-40GB, 16297, 40960, 100
2026/07/15 10:55:21.447, 0, NVIDIA A100-SXM4-40GB, 19897, 40960, 100
2026/07/15 10:55:31.486, 0, NVIDIA A100-SXM4-40GB, 16297, 40960, 100
2026/07/15 10:55:41.525, 0, NVIDIA A100-SXM4-40GB, 19897, 40960, 100
2026/07/15 10:55:51.573, 0, NVIDIA A100-SXM4-40GB, 17017, 40960, 82
2026/07/15 10:56:01.609, 0, NVIDIA A100-SXM4-40GB, 28077, 40960, 100
2026/07/15 10:56:11.644, 0, NVIDIA A100-SXM4-40GB, 21955, 40960, 100
2026/07/15 10:56:21.690, 0, NVIDIA A100-SXM4-40GB, 27615, 40960, 100
2026/07/15 10:56:31.726, 0, NVIDIA A100-SXM4-40GB, 19897, 40960, 100
2026/07/15 10:56:41.762, 0, NVIDIA A100-SXM4-40GB, 6795, 40960, 100
2026/07/15 10:56:51.796, 0, NVIDIA A100-SXM4-40GB, 27637, 40960, 100
2026/07/15 10:57:01.834, 0, NVIDIA A100-SXM4-40GB, 25935, 40960, 100
2026/07/15 10:57:11.870, 0, NVIDIA A100-SXM4-40GB, 27637, 40960, 100
2026/07/15 10:57:21.911, 0, NVIDIA A100-SXM4-40GB, 27677, 40960, 100
2026/07/15 10:57:31.948, 0, NVIDIA A100-SXM4-40GB, 27637, 40960, 100
2026/07/15 10:57:41.986, 0, NVIDIA A100-SXM4-40GB, 27677, 40960, 100
2026/07/15 10:57:52.037, 0, NVIDIA A100-SXM4-40GB, 19597, 40960, 100
2026/07/15 10:58:02.074, 0, NVIDIA A100-SXM4-40GB, 20617, 40960, 93
2026/07/15 10:58:12.108, 0, NVIDIA A100-SXM4-40GB, 19597, 40960, 100
2026/07/15 10:58:22.144, 0, NVIDIA A100-SXM4-40GB, 19637, 40960, 100
2026/07/15 10:58:32.180, 0, NVIDIA A100-SXM4-40GB, 19597, 40960, 100
2026/07/15 10:58:42.223, 0, NVIDIA A100-SXM4-40GB, 19637, 40960, 100
2026/07/15 10:58:52.258, 0, NVIDIA A100-SXM4-40GB, 19597, 40960, 100
2026/07/15 10:59:02.295, 0, NVIDIA A100-SXM4-40GB, 19637, 40960, 100
2026/07/15 10:59:12.331, 0, NVIDIA A100-SXM4-40GB, 19597, 40960, 100
2026/07/15 10:59:22.370, 0, NVIDIA A100-SXM4-40GB, 19637, 40960, 100
2026/07/15 10:59:32.406, 0, NVIDIA A100-SXM4-40GB, 6775, 40960, 51
2026/07/15 10:59:42.478, 0, NVIDIA A100-SXM4-40GB, 14517, 40960, 100
2026/07/15 10:59:52.516, 0, NVIDIA A100-SXM4-40GB, 19797, 40960, 100
2026/07/15 11:00:02.550, 0, NVIDIA A100-SXM4-40GB, 16037, 40960, 100
2026/07/15 11:00:12.589, 0, NVIDIA A100-SXM4-40GB, 19797, 40960, 100
2026/07/15 11:00:22.626, 0, NVIDIA A100-SXM4-40GB, 16737, 40960, 83
2026/07/15 11:00:32.662, 0, NVIDIA A100-SXM4-40GB, 20777, 40960, 100
2026/07/15 11:00:42.715, 0, NVIDIA A100-SXM4-40GB, 21075, 40960, 100
2026/07/15 11:00:52.759, 0, NVIDIA A100-SXM4-40GB, 27215, 40960, 100
2026/07/15 11:01:02.795, 0, NVIDIA A100-SXM4-40GB, 19797, 40960, 100
2026/07/15 11:01:12.886, 0, NVIDIA A100-SXM4-40GB, 16037, 40960, 100
2026/07/15 11:01:22.922, 0, NVIDIA A100-SXM4-40GB, 19797, 40960, 100
2026/07/15 11:01:32.957, 0, NVIDIA A100-SXM4-40GB, 16037, 40960, 100
2026/07/15 11:01:43.006, 0, NVIDIA A100-SXM4-40GB, 19797, 40960, 100
2026/07/15 11:01:53.042, 0, NVIDIA A100-SXM4-40GB, 21817, 40960, 100
2026/07/15 11:02:03.081, 0, NVIDIA A100-SXM4-40GB, 20077, 40960, 100
2026/07/15 11:02:13.117, 0, NVIDIA A100-SXM4-40GB, 20017, 40960, 100
2026/07/15 11:02:23.156, 0, NVIDIA A100-SXM4-40GB, 20077, 40960, 100
2026/07/15 11:02:33.192, 0, NVIDIA A100-SXM4-40GB, 20017, 40960, 100
2026/07/15 11:02:43.231, 0, NVIDIA A100-SXM4-40GB, 20077, 40960, 100
2026/07/15 11:02:53.271, 0, NVIDIA A100-SXM4-40GB, 20017, 40960, 100
2026/07/15 11:03:03.306, 0, NVIDIA A100-SXM4-40GB, 6775, 40960, 50
2026/07/15 11:03:13.359, 0, NVIDIA A100-SXM4-40GB, 27115, 40960, 100
2026/07/15 11:03:23.415, 0, NVIDIA A100-SXM4-40GB, 27815, 40960, 100
2026/07/15 11:03:33.451, 0, NVIDIA A100-SXM4-40GB, 28377, 40960, 100
2026/07/15 11:03:43.493, 0, NVIDIA A100-SXM4-40GB, 28297, 40960, 100
2026/07/15 11:03:53.530, 0, NVIDIA A100-SXM4-40GB, 28377, 40960, 100
2026/07/15 11:04:03.566, 0, NVIDIA A100-SXM4-40GB, 28297, 40960, 100
2026/07/15 11:04:13.602, 0, NVIDIA A100-SXM4-40GB, 20077, 40960, 100
2026/07/15 11:04:23.651, 0, NVIDIA A100-SXM4-40GB, 20017, 40960, 100
2026/07/15 11:04:33.691, 0, NVIDIA A100-SXM4-40GB, 20077, 40960, 100
2026/07/15 11:04:43.731, 0, NVIDIA A100-SXM4-40GB, 20017, 40960, 100
2026/07/15 11:04:53.770, 0, NVIDIA A100-SXM4-40GB, 6775, 40960, 48
2026/07/15 11:05:03.804, 0, NVIDIA A100-SXM4-40GB, 33577, 40960, 100
2026/07/15 11:05:13.839, 0, NVIDIA A100-SXM4-40GB, 38397, 40960, 100
2026/07/15 11:05:23.874, 0, NVIDIA A100-SXM4-40GB, 39597, 40960, 100
2026/07/15 11:05:33.911, 0, NVIDIA A100-SXM4-40GB, 12995, 40960, 99
2026/07/15 11:05:43.952, 0, NVIDIA A100-SXM4-40GB, 33577, 40960, 100
2026/07/15 11:05:53.992, 0, NVIDIA A100-SXM4-40GB, 38397, 40960, 100
2026/07/15 11:06:04.029, 0, NVIDIA A100-SXM4-40GB, 39597, 40960, 100
2026/07/15 11:06:14.066, 0, NVIDIA A100-SXM4-40GB, 12995, 40960, 99
2026/07/15 11:06:24.103, 0, NVIDIA A100-SXM4-40GB, 23297, 40960, 100
2026/07/15 11:06:34.141, 0, NVIDIA A100-SXM4-40GB, 38397, 40960, 100
2026/07/15 11:06:44.189, 0, NVIDIA A100-SXM4-40GB, 38397, 40960, 100
2026/07/15 11:06:54.229, 0, NVIDIA A100-SXM4-40GB, 12995, 40960, 99
2026/07/15 11:07:04.267, 0, NVIDIA A100-SXM4-40GB, 23297, 40960, 100
2026/07/15 11:07:14.303, 0, NVIDIA A100-SXM4-40GB, 38397, 40960, 100
2026/07/15 11:07:24.338, 0, NVIDIA A100-SXM4-40GB, 38397, 40960, 100
2026/07/15 11:07:34.389, 0, NVIDIA A100-SXM4-40GB, 12535, 40960, 100
2026/07/15 11:07:44.427, 0, NVIDIA A100-SXM4-40GB, 23297, 40960, 100
2026/07/15 11:07:54.487, 0, NVIDIA A100-SXM4-40GB, 34617, 40960, 100
2026/07/15 11:08:04.528, 0, NVIDIA A100-SXM4-40GB, 38397, 40960, 100
2026/07/15 11:08:14.564, 0, NVIDIA A100-SXM4-40GB, 12995, 40960, 100
2026/07/15 11:08:24.601, 0, NVIDIA A100-SXM4-40GB, 23297, 40960, 100
2026/07/15 11:08:34.637, 0, NVIDIA A100-SXM4-40GB, 31075, 40960, 100
2026/07/15 11:08:44.681, 0, NVIDIA A100-SXM4-40GB, 38397, 40960, 100
2026/07/15 11:08:54.717, 0, NVIDIA A100-SXM4-40GB, 39597, 40960, 100
2026/07/15 11:09:04.756, 0, NVIDIA A100-SXM4-40GB, 23297, 40960, 64
2026/07/15 11:09:14.794, 0, NVIDIA A100-SXM4-40GB, 33577, 40960, 100
2026/07/15 11:09:24.831, 0, NVIDIA A100-SXM4-40GB, 38397, 40960, 100
2026/07/15 11:09:34.873, 0, NVIDIA A100-SXM4-40GB, 39597, 40960, 100
2026/07/15 11:09:44.916, 0, NVIDIA A100-SXM4-40GB, 6775, 40960, 40
2026/07/15 11:09:54.949, 0, NVIDIA A100-SXM4-40GB, 33577, 40960, 100
2026/07/15 11:10:04.984, 0, NVIDIA A100-SXM4-40GB, 38397, 40960, 100
2026/07/15 11:10:15.021, 0, NVIDIA A100-SXM4-40GB, 39597, 40960, 100
2026/07/15 11:10:25.062, 0, NVIDIA A100-SXM4-40GB, 12995, 40960, 99
2026/07/15 11:10:35.101, 0, NVIDIA A100-SXM4-40GB, 38477, 40960, 100
2026/07/15 11:10:45.149, 0, NVIDIA A100-SXM4-40GB, 39677, 40960, 100
2026/07/15 11:10:55.188, 0, NVIDIA A100-SXM4-40GB, 12995, 40960, 99
2026/07/15 11:11:05.225, 0, NVIDIA A100-SXM4-40GB, 6775, 40960, 42
2026/07/15 11:11:15.259, 0, NVIDIA A100-SXM4-40GB, 38477, 40960, 100
2026/07/15 11:11:25.293, 0, NVIDIA A100-SXM4-40GB, 39677, 40960, 100
2026/07/15 11:11:35.333, 0, NVIDIA A100-SXM4-40GB, 16157, 40960, 100
2026/07/15 11:11:45.369, 0, NVIDIA A100-SXM4-40GB, 38477, 40960, 100
2026/07/15 11:11:55.412, 0, NVIDIA A100-SXM4-40GB, 38477, 40960, 100
2026/07/15 11:12:05.472, 0, NVIDIA A100-SXM4-40GB, 12995, 40960, 99
2026/07/15 11:12:15.526, 0, NVIDIA A100-SXM4-40GB, 21235, 40960, 100
2026/07/15 11:12:25.568, 0, NVIDIA A100-SXM4-40GB, 38477, 40960, 100
2026/07/15 11:12:35.606, 0, NVIDIA A100-SXM4-40GB, 39677, 40960, 100
2026/07/15 11:12:45.650, 0, NVIDIA A100-SXM4-40GB, 16157, 40960, 100
2026/07/15 11:12:55.686, 0, NVIDIA A100-SXM4-40GB, 38477, 40960, 100
2026/07/15 11:13:05.721, 0, NVIDIA A100-SXM4-40GB, 38477, 40960, 100
2026/07/15 11:13:15.757, 0, NVIDIA A100-SXM4-40GB, 12995, 40960, 100
2026/07/15 11:13:25.796, 0, NVIDIA A100-SXM4-40GB, 22037, 40960, 100
2026/07/15 11:13:35.831, 0, NVIDIA A100-SXM4-40GB, 38477, 40960, 100
2026/07/15 11:13:45.872, 0, NVIDIA A100-SXM4-40GB, 39677, 40960, 100
2026/07/15 11:13:55.908, 0, NVIDIA A100-SXM4-40GB, 12995, 40960, 99
2026/07/15 11:14:05.946, 0, NVIDIA A100-SXM4-40GB, 38477, 40960, 100
2026/07/15 11:14:15.980, 0, NVIDIA A100-SXM4-40GB, 38477, 40960, 100
2026/07/15 11:14:26.022, 0, NVIDIA A100-SXM4-40GB, 12995, 40960, 100
2026/07/15 11:14:36.061, 0, NVIDIA A100-SXM4-40GB, 16157, 40960, 100
2026/07/15 11:14:46.099, 0, NVIDIA A100-SXM4-40GB, 38477, 40960, 100
2026/07/15 11:14:56.137, 0, NVIDIA A100-SXM4-40GB, 39677, 40960, 100
2026/07/15 11:15:06.174, 0, NVIDIA A100-SXM4-40GB, 9215, 40960, 99
2026/07/15 11:15:16.210, 0, NVIDIA A100-SXM4-40GB, 6775, 40960, 100
2026/07/15 11:15:26.244, 0, NVIDIA A100-SXM4-40GB, 28337, 40960, 100
2026/07/15 11:15:36.280, 0, NVIDIA A100-SXM4-40GB, 28077, 40960, 100
2026/07/15 11:15:46.358, 0, NVIDIA A100-SXM4-40GB, 20557, 40960, 100
2026/07/15 11:15:56.394, 0, NVIDIA A100-SXM4-40GB, 28077, 40960, 100
2026/07/15 11:16:06.431, 0, NVIDIA A100-SXM4-40GB, 20037, 40960, 100
2026/07/15 11:16:16.480, 0, NVIDIA A100-SXM4-40GB, 19897, 40960, 100
2026/07/15 11:16:26.515, 0, NVIDIA A100-SXM4-40GB, 20037, 40960, 100
2026/07/15 11:16:36.552, 0, NVIDIA A100-SXM4-40GB, 19897, 40960, 100
2026/07/15 11:16:46.589, 0, NVIDIA A100-SXM4-40GB, 20037, 40960, 100
2026/07/15 11:16:56.624, 0, NVIDIA A100-SXM4-40GB, 19897, 40960, 100
2026/07/15 11:17:06.661, 0, NVIDIA A100-SXM4-40GB, 20037, 40960, 100
2026/07/15 11:17:16.696, 0, NVIDIA A100-SXM4-40GB, 19897, 40960, 100
2026/07/15 11:17:26.734, 0, NVIDIA A100-SXM4-40GB, 6775, 40960, 100
2026/07/15 11:17:36.778, 0, NVIDIA A100-SXM4-40GB, 27075, 40960, 100
2026/07/15 11:17:46.824, 0, NVIDIA A100-SXM4-40GB, 27615, 40960, 100
2026/07/15 11:17:56.861, 0, NVIDIA A100-SXM4-40GB, 28337, 40960, 100
2026/07/15 11:18:06.898, 0, NVIDIA A100-SXM4-40GB, 28077, 40960, 100
2026/07/15 11:18:16.947, 0, NVIDIA A100-SXM4-40GB, 19937, 40960, 100
2026/07/15 11:18:26.985, 0, NVIDIA A100-SXM4-40GB, 30919, 40960, 100
2026/07/15 11:18:37.023, 0, NVIDIA A100-SXM4-40GB, 31839, 40960, 100
2026/07/15 11:18:47.062, 0, NVIDIA A100-SXM4-40GB, 19937, 40960, 100
2026/07/15 11:18:57.096, 0, NVIDIA A100-SXM4-40GB, 30919, 40960, 100
2026/07/15 11:19:07.144, 0, NVIDIA A100-SXM4-40GB, 31839, 40960, 100
2026/07/15 11:19:17.180, 0, NVIDIA A100-SXM4-40GB, 19937, 40960, 100
2026/07/15 11:19:27.217, 0, NVIDIA A100-SXM4-40GB, 30919, 40960, 100
2026/07/15 11:19:37.251, 0, NVIDIA A100-SXM4-40GB, 31839, 40960, 100
2026/07/15 11:19:47.288, 0, NVIDIA A100-SXM4-40GB, 6795, 40960, 46
2026/07/15 11:19:57.325, 0, NVIDIA A100-SXM4-40GB, 26895, 40960, 100
2026/07/15 11:20:07.368, 0, NVIDIA A100-SXM4-40GB, 30919, 40960, 100
2026/07/15 11:20:17.410, 0, NVIDIA A100-SXM4-40GB, 12697, 40960, 99
2026/07/15 11:20:27.447, 0, NVIDIA A100-SXM4-40GB, 28157, 40960, 100
2026/07/15 11:20:37.485, 0, NVIDIA A100-SXM4-40GB, 30919, 40960, 100
2026/07/15 11:20:47.522, 0, NVIDIA A100-SXM4-40GB, 12697, 40960, 99
2026/07/15 11:20:57.559, 0, NVIDIA A100-SXM4-40GB, 19937, 40960, 100
2026/07/15 11:21:07.634, 0, NVIDIA A100-SXM4-40GB, 30919, 40960, 100
2026/07/15 11:21:17.673, 0, NVIDIA A100-SXM4-40GB, 12697, 40960, 100
2026/07/15 11:21:27.712, 0, NVIDIA A100-SXM4-40GB, 19937, 40960, 100
2026/07/15 11:21:37.747, 0, NVIDIA A100-SXM4-40GB, 30919, 40960, 100
2026/07/15 11:21:47.785, 0, NVIDIA A100-SXM4-40GB, 31839, 40960, 100
2026/07/15 11:21:57.824, 0, NVIDIA A100-SXM4-40GB, 19937, 40960, 100
2026/07/15 11:22:07.862, 0, NVIDIA A100-SXM4-40GB, 30919, 40960, 100
2026/07/15 11:22:17.903, 0, NVIDIA A100-SXM4-40GB, 31839, 40960, 100
2026/07/15 11:22:27.939, 0, NVIDIA A100-SXM4-40GB, 9857, 40960, 100
2026/07/15 11:22:37.976, 0, NVIDIA A100-SXM4-40GB, 10097, 40960, 93
2026/07/15 11:22:48.014, 0, NVIDIA A100-SXM4-40GB, 6775, 40960, 38
2026/07/15 11:22:58.059, 0, NVIDIA A100-SXM4-40GB, 26635, 40960, 100
2026/07/15 11:23:08.115, 0, NVIDIA A100-SXM4-40GB, 25615, 40960, 100
2026/07/15 11:23:18.155, 0, NVIDIA A100-SXM4-40GB, 27877, 40960, 100
2026/07/15 11:23:28.202, 0, NVIDIA A100-SXM4-40GB, 27195, 40960, 100
2026/07/15 11:23:38.238, 0, NVIDIA A100-SXM4-40GB, 27877, 40960, 100
2026/07/15 11:23:48.285, 0, NVIDIA A100-SXM4-40GB, 27677, 40960, 100
2026/07/15 11:23:58.321, 0, NVIDIA A100-SXM4-40GB, 20757, 40960, 83
2026/07/15 11:24:08.359, 0, NVIDIA A100-SXM4-40GB, 20617, 40960, 100
2026/07/15 11:24:18.398, 0, NVIDIA A100-SXM4-40GB, 19757, 40960, 100
2026/07/15 11:24:28.438, 0, NVIDIA A100-SXM4-40GB, 19637, 40960, 100
2026/07/15 11:24:38.485, 0, NVIDIA A100-SXM4-40GB, 19757, 40960, 100
2026/07/15 11:24:48.522, 0, NVIDIA A100-SXM4-40GB, 19637, 40960, 100
2026/07/15 11:24:58.575, 0, NVIDIA A100-SXM4-40GB, 19757, 40960, 100
2026/07/15 11:25:08.609, 0, NVIDIA A100-SXM4-40GB, 19637, 40960, 100
2026/07/15 11:25:18.646, 0, NVIDIA A100-SXM4-40GB, 19757, 40960, 100
2026/07/15 11:25:28.684, 0, NVIDIA A100-SXM4-40GB, 19637, 40960, 100
2026/07/15 11:25:38.722, 0, NVIDIA A100-SXM4-40GB, 6815, 40960, 27
2026/07/15 11:25:48.759, 0, NVIDIA A100-SXM4-40GB, 33997, 40960, 100
2026/07/15 11:25:58.801, 0, NVIDIA A100-SXM4-40GB, 20497, 40960, 100
2026/07/15 11:26:08.836, 0, NVIDIA A100-SXM4-40GB, 23577, 40960, 100
2026/07/15 11:26:18.873, 0, NVIDIA A100-SXM4-40GB, 19997, 40960, 100
2026/07/15 11:26:28.910, 0, NVIDIA A100-SXM4-40GB, 23577, 40960, 45
2026/07/15 11:26:38.947, 0, NVIDIA A100-SXM4-40GB, 33997, 40960, 100
2026/07/15 11:26:48.984, 0, NVIDIA A100-SXM4-40GB, 28237, 40960, 100
2026/07/15 11:26:59.023, 0, NVIDIA A100-SXM4-40GB, 23577, 40960, 100
2026/07/15 11:27:09.059, 0, NVIDIA A100-SXM4-40GB, 19997, 40960, 100
2026/07/15 11:27:19.098, 0, NVIDIA A100-SXM4-40GB, 23577, 40960, 100
2026/07/15 11:27:29.133, 0, NVIDIA A100-SXM4-40GB, 33997, 40960, 100
2026/07/15 11:27:39.170, 0, NVIDIA A100-SXM4-40GB, 28237, 40960, 100
2026/07/15 11:27:49.209, 0, NVIDIA A100-SXM4-40GB, 23577, 40960, 100
2026/07/15 11:27:59.243, 0, NVIDIA A100-SXM4-40GB, 19997, 40960, 100
2026/07/15 11:28:09.283, 0, NVIDIA A100-SXM4-40GB, 23577, 40960, 100
2026/07/15 11:28:19.322, 0, NVIDIA A100-SXM4-40GB, 32295, 40960, 100
2026/07/15 11:28:29.388, 0, NVIDIA A100-SXM4-40GB, 26935, 40960, 100
2026/07/15 11:28:39.479, 0, NVIDIA A100-SXM4-40GB, 24197, 40960, 66
2026/07/15 11:28:49.519, 0, NVIDIA A100-SXM4-40GB, 19997, 40960, 100
2026/07/15 11:28:59.558, 0, NVIDIA A100-SXM4-40GB, 19977, 40960, 100
2026/07/15 11:29:09.596, 0, NVIDIA A100-SXM4-40GB, 19717, 40960, 100
2026/07/15 11:29:19.636, 0, NVIDIA A100-SXM4-40GB, 19977, 40960, 100
2026/07/15 11:29:29.675, 0, NVIDIA A100-SXM4-40GB, 19717, 40960, 100
2026/07/15 11:29:39.709, 0, NVIDIA A100-SXM4-40GB, 6775, 40960, 100
2026/07/15 11:29:49.758, 0, NVIDIA A100-SXM4-40GB, 27735, 40960, 100
2026/07/15 11:29:59.795, 0, NVIDIA A100-SXM4-40GB, 16875, 40960, 100
2026/07/15 11:30:09.837, 0, NVIDIA A100-SXM4-40GB, 26995, 40960, 100
2026/07/15 11:30:19.899, 0, NVIDIA A100-SXM4-40GB, 26575, 40960, 100
2026/07/15 11:30:29.942, 0, NVIDIA A100-SXM4-40GB, 28197, 40960, 100
2026/07/15 11:30:39.977, 0, NVIDIA A100-SXM4-40GB, 27797, 40960, 100
2026/07/15 11:30:50.022, 0, NVIDIA A100-SXM4-40GB, 28197, 40960, 100
2026/07/15 11:31:00.058, 0, NVIDIA A100-SXM4-40GB, 27797, 40960, 100
2026/07/15 11:31:10.093, 0, NVIDIA A100-SXM4-40GB, 19977, 40960, 100
2026/07/15 11:31:20.128, 0, NVIDIA A100-SXM4-40GB, 19717, 40960, 100
2026/07/15 11:31:30.166, 0, NVIDIA A100-SXM4-40GB, 19977, 40960, 100
2026/07/15 11:31:40.204, 0, NVIDIA A100-SXM4-40GB, 19717, 40960, 100
2026/07/15 11:31:50.243, 0, NVIDIA A100-SXM4-40GB, 19857, 40960, 100
2026/07/15 11:32:00.282, 0, NVIDIA A100-SXM4-40GB, 19797, 40960, 100
2026/07/15 11:32:10.323, 0, NVIDIA A100-SXM4-40GB, 19857, 40960, 100
2026/07/15 11:32:20.358, 0, NVIDIA A100-SXM4-40GB, 19797, 40960, 100
2026/07/15 11:32:30.409, 0, NVIDIA A100-SXM4-40GB, 6775, 40960, 100
2026/07/15 11:32:40.445, 0, NVIDIA A100-SXM4-40GB, 27295, 40960, 100
2026/07/15 11:32:50.496, 0, NVIDIA A100-SXM4-40GB, 25715, 40960, 100
2026/07/15 11:33:00.540, 0, NVIDIA A100-SXM4-40GB, 27555, 40960, 100
2026/07/15 11:33:10.589, 0, NVIDIA A100-SXM4-40GB, 27495, 40960, 100
2026/07/15 11:33:20.626, 0, NVIDIA A100-SXM4-40GB, 28037, 40960, 100
2026/07/15 11:33:30.662, 0, NVIDIA A100-SXM4-40GB, 27937, 40960, 100
2026/07/15 11:33:40.701, 0, NVIDIA A100-SXM4-40GB, 20357, 40960, 100
2026/07/15 11:33:50.743, 0, NVIDIA A100-SXM4-40GB, 26777, 40960, 100
2026/07/15 11:34:00.782, 0, NVIDIA A100-SXM4-40GB, 19857, 40960, 100
2026/07/15 11:34:10.816, 0, NVIDIA A100-SXM4-40GB, 19797, 40960, 100
2026/07/15 11:34:20.851, 0, NVIDIA A100-SXM4-40GB, 19857, 40960, 100
2026/07/15 11:34:30.890, 0, NVIDIA A100-SXM4-40GB, 19797, 40960, 100
2026/07/15 11:34:40.928, 0, NVIDIA A100-SXM4-40GB, 19657, 40960, 100
2026/07/15 11:34:50.969, 0, NVIDIA A100-SXM4-40GB, 16297, 40960, 100
2026/07/15 11:35:01.006, 0, NVIDIA A100-SXM4-40GB, 19657, 40960, 100
2026/07/15 11:35:11.041, 0, NVIDIA A100-SXM4-40GB, 16297, 40960, 100
2026/07/15 11:35:21.077, 0, NVIDIA A100-SXM4-40GB, 19657, 40960, 100
2026/07/15 11:35:31.113, 0, NVIDIA A100-SXM4-40GB, 22257, 40960, 100
2026/07/15 11:35:41.150, 0, NVIDIA A100-SXM4-40GB, 27717, 40960, 100
2026/07/15 11:35:51.186, 0, NVIDIA A100-SXM4-40GB, 6795, 40960, 100
2026/07/15 11:36:01.235, 0, NVIDIA A100-SXM4-40GB, 26475, 40960, 100
2026/07/15 11:36:11.276, 0, NVIDIA A100-SXM4-40GB, 19657, 40960, 100
2026/07/15 11:36:21.311, 0, NVIDIA A100-SXM4-40GB, 16297, 40960, 100
2026/07/15 11:36:31.361, 0, NVIDIA A100-SXM4-40GB, 19657, 40960, 100
2026/07/15 11:36:41.384, 0, NVIDIA A100-SXM4-40GB, 16297, 40960, 100
2026/07/15 11:36:51.422, 0, NVIDIA A100-SXM4-40GB, 19657, 40960, 100
2026/07/15 11:37:01.457, 0, NVIDIA A100-SXM4-40GB, 16297, 40960, 100
2026/07/15 11:37:11.491, 0, NVIDIA A100-SXM4-40GB, 19897, 40960, 100
2026/07/15 11:37:21.527, 0, NVIDIA A100-SXM4-40GB, 19537, 40960, 100
2026/07/15 11:37:31.562, 0, NVIDIA A100-SXM4-40GB, 19897, 40960, 100
2026/07/15 11:37:41.613, 0, NVIDIA A100-SXM4-40GB, 19537, 40960, 100
2026/07/15 11:37:51.652, 0, NVIDIA A100-SXM4-40GB, 19897, 40960, 100
2026/07/15 11:38:01.687, 0, NVIDIA A100-SXM4-40GB, 19537, 40960, 100
2026/07/15 11:38:11.725, 0, NVIDIA A100-SXM4-40GB, 19897, 40960, 100
2026/07/15 11:38:21.760, 0, NVIDIA A100-SXM4-40GB, 19537, 40960, 100
2026/07/15 11:38:31.823, 0, NVIDIA A100-SXM4-40GB, 19897, 40960, 100
2026/07/15 11:38:41.861, 0, NVIDIA A100-SXM4-40GB, 19537, 40960, 100
2026/07/15 11:38:51.900, 0, NVIDIA A100-SXM4-40GB, 6775, 40960, 100
2026/07/15 11:39:01.954, 0, NVIDIA A100-SXM4-40GB, 26835, 40960, 100
2026/07/15 11:39:11.998, 0, NVIDIA A100-SXM4-40GB, 6775, 40960, 100
2026/07/15 11:39:22.053, 0, NVIDIA A100-SXM4-40GB, 27615, 40960, 100
2026/07/15 11:39:32.090, 0, NVIDIA A100-SXM4-40GB, 25675, 40960, 100
2026/07/15 11:39:42.128, 0, NVIDIA A100-SXM4-40GB, 28077, 40960, 100
2026/07/15 11:39:52.168, 0, NVIDIA A100-SXM4-40GB, 27055, 40960, 100
2026/07/15 11:40:02.203, 0, NVIDIA A100-SXM4-40GB, 34497, 40960, 100
2026/07/15 11:40:12.240, 0, NVIDIA A100-SXM4-40GB, 35557, 40960, 100
2026/07/15 11:40:22.276, 0, NVIDIA A100-SXM4-40GB, 38477, 40960, 100
2026/07/15 11:40:32.319, 0, NVIDIA A100-SXM4-40GB, 38477, 40960, 100
2026/07/15 11:40:42.360, 0, NVIDIA A100-SXM4-40GB, 12995, 40960, 100
2026/07/15 11:40:52.398, 0, NVIDIA A100-SXM4-40GB, 34497, 40960, 100
2026/07/15 11:41:02.434, 0, NVIDIA A100-SXM4-40GB, 34497, 40960, 100
2026/07/15 11:41:12.469, 0, NVIDIA A100-SXM4-40GB, 12855, 40960, 99
2026/07/15 11:41:22.506, 0, NVIDIA A100-SXM4-40GB, 38477, 40960, 100
2026/07/15 11:41:32.542, 0, NVIDIA A100-SXM4-40GB, 39677, 40960, 100
2026/07/15 11:41:42.581, 0, NVIDIA A100-SXM4-40GB, 6835, 40960, 44
2026/07/15 11:41:52.616, 0, NVIDIA A100-SXM4-40GB, 34497, 40960, 100
2026/07/15 11:42:02.654, 0, NVIDIA A100-SXM4-40GB, 12855, 40960, 100
2026/07/15 11:42:12.691, 0, NVIDIA A100-SXM4-40GB, 38477, 40960, 100
2026/07/15 11:42:22.725, 0, NVIDIA A100-SXM4-40GB, 39677, 40960, 100
2026/07/15 11:42:32.760, 0, NVIDIA A100-SXM4-40GB, 12995, 40960, 99
2026/07/15 11:42:42.798, 0, NVIDIA A100-SXM4-40GB, 34497, 40960, 100
2026/07/15 11:42:52.839, 0, NVIDIA A100-SXM4-40GB, 35557, 40960, 100
2026/07/15 11:43:02.874, 0, NVIDIA A100-SXM4-40GB, 38477, 40960, 100
2026/07/15 11:43:12.908, 0, NVIDIA A100-SXM4-40GB, 38477, 40960, 100
2026/07/15 11:43:22.944, 0, NVIDIA A100-SXM4-40GB, 12995, 40960, 99
2026/07/15 11:43:32.983, 0, NVIDIA A100-SXM4-40GB, 34497, 40960, 100
2026/07/15 11:43:43.019, 0, NVIDIA A100-SXM4-40GB, 35557, 40960, 100
2026/07/15 11:43:53.061, 0, NVIDIA A100-SXM4-40GB, 38477, 40960, 100
2026/07/15 11:44:03.096, 0, NVIDIA A100-SXM4-40GB, 38477, 40960, 100
2026/07/15 11:44:13.137, 0, NVIDIA A100-SXM4-40GB, 12995, 40960, 100
2026/07/15 11:44:23.189, 0, NVIDIA A100-SXM4-40GB, 34497, 40960, 100
2026/07/15 11:44:33.228, 0, NVIDIA A100-SXM4-40GB, 34497, 40960, 100
2026/07/15 11:44:43.266, 0, NVIDIA A100-SXM4-40GB, 12855, 40960, 99
2026/07/15 11:44:53.308, 0, NVIDIA A100-SXM4-40GB, 38477, 40960, 100
2026/07/15 11:45:03.346, 0, NVIDIA A100-SXM4-40GB, 39677, 40960, 100
2026/07/15 11:45:13.384, 0, NVIDIA A100-SXM4-40GB, 6775, 40960, 47
2026/07/15 11:45:23.418, 0, NVIDIA A100-SXM4-40GB, 34497, 40960, 100
2026/07/15 11:45:33.455, 0, NVIDIA A100-SXM4-40GB, 12855, 40960, 100
2026/07/15 11:45:43.492, 0, NVIDIA A100-SXM4-40GB, 38477, 40960, 100
2026/07/15 11:45:53.529, 0, NVIDIA A100-SXM4-40GB, 39677, 40960, 100
2026/07/15 11:46:03.565, 0, NVIDIA A100-SXM4-40GB, 12995, 40960, 99
2026/07/15 11:46:13.603, 0, NVIDIA A100-SXM4-40GB, 34497, 40960, 100
2026/07/15 11:46:23.639, 0, NVIDIA A100-SXM4-40GB, 35557, 40960, 100
2026/07/15 11:46:33.677, 0, NVIDIA A100-SXM4-40GB, 38477, 40960, 100
2026/07/15 11:46:43.712, 0, NVIDIA A100-SXM4-40GB, 38477, 40960, 100
2026/07/15 11:46:53.750, 0, NVIDIA A100-SXM4-40GB, 11955, 40960, 99
2026/07/15 11:47:03.785, 0, NVIDIA A100-SXM4-40GB, 19657, 40960, 100
2026/07/15 11:47:13.821, 0, NVIDIA A100-SXM4-40GB, 20037, 40960, 100
2026/07/15 11:47:23.858, 0, NVIDIA A100-SXM4-40GB, 19657, 40960, 100
2026/07/15 11:47:33.893, 0, NVIDIA A100-SXM4-40GB, 20037, 40960, 100
2026/07/15 11:47:43.930, 0, NVIDIA A100-SXM4-40GB, 19657, 40960, 100
2026/07/15 11:47:53.969, 0, NVIDIA A100-SXM4-40GB, 20037, 40960, 100
2026/07/15 11:48:04.005, 0, NVIDIA A100-SXM4-40GB, 6775, 40960, 50
2026/07/15 11:48:14.039, 0, NVIDIA A100-SXM4-40GB, 20037, 40960, 100
2026/07/15 11:48:24.075, 0, NVIDIA A100-SXM4-40GB, 6775, 40960, 100
2026/07/15 11:48:34.118, 0, NVIDIA A100-SXM4-40GB, 26555, 40960, 100
2026/07/15 11:48:44.185, 0, NVIDIA A100-SXM4-40GB, 27855, 40960, 100
2026/07/15 11:48:54.223, 0, NVIDIA A100-SXM4-40GB, 27717, 40960, 100
2026/07/15 11:49:04.258, 0, NVIDIA A100-SXM4-40GB, 28337, 40960, 100
2026/07/15 11:49:14.293, 0, NVIDIA A100-SXM4-40GB, 27717, 40960, 100
2026/07/15 11:49:24.329, 0, NVIDIA A100-SXM4-40GB, 28337, 40960, 100
2026/07/15 11:49:34.366, 0, NVIDIA A100-SXM4-40GB, 19657, 40960, 100
2026/07/15 11:49:44.421, 0, NVIDIA A100-SXM4-40GB, 20557, 40960, 98
2026/07/15 11:49:54.461, 0, NVIDIA A100-SXM4-40GB, 30919, 40960, 100
2026/07/15 11:50:04.496, 0, NVIDIA A100-SXM4-40GB, 31839, 40960, 100
2026/07/15 11:50:14.530, 0, NVIDIA A100-SXM4-40GB, 13619, 40960, 100
2026/07/15 11:50:24.566, 0, NVIDIA A100-SXM4-40GB, 30919, 40960, 100
2026/07/15 11:50:34.603, 0, NVIDIA A100-SXM4-40GB, 12697, 40960, 100
2026/07/15 11:50:44.642, 0, NVIDIA A100-SXM4-40GB, 30919, 40960, 100
2026/07/15 11:50:54.681, 0, NVIDIA A100-SXM4-40GB, 31839, 40960, 74
2026/07/15 11:51:04.719, 0, NVIDIA A100-SXM4-40GB, 13139, 40960, 100
2026/07/15 11:51:14.755, 0, NVIDIA A100-SXM4-40GB, 30919, 40960, 100
2026/07/15 11:51:24.790, 0, NVIDIA A100-SXM4-40GB, 31839, 40960, 100
2026/07/15 11:51:34.830, 0, NVIDIA A100-SXM4-40GB, 16275, 40960, 100
2026/07/15 11:51:44.875, 0, NVIDIA A100-SXM4-40GB, 30919, 40960, 100
2026/07/15 11:51:54.918, 0, NVIDIA A100-SXM4-40GB, 12697, 40960, 99
2026/07/15 11:52:04.955, 0, NVIDIA A100-SXM4-40GB, 30919, 40960, 100
2026/07/15 11:52:14.992, 0, NVIDIA A100-SXM4-40GB, 31839, 40960, 100
2026/07/15 11:52:25.031, 0, NVIDIA A100-SXM4-40GB, 13139, 40960, 100
2026/07/15 11:52:35.066, 0, NVIDIA A100-SXM4-40GB, 30919, 40960, 100
2026/07/15 11:52:45.103, 0, NVIDIA A100-SXM4-40GB, 12697, 40960, 100
2026/07/15 11:52:55.142, 0, NVIDIA A100-SXM4-40GB, 6775, 40960, 48
2026/07/15 11:53:05.175, 0, NVIDIA A100-SXM4-40GB, 30919, 40960, 100
2026/07/15 11:53:15.211, 0, NVIDIA A100-SXM4-40GB, 12697, 40960, 99
2026/07/15 11:53:25.250, 0, NVIDIA A100-SXM4-40GB, 16317, 40960, 100
2026/07/15 11:53:35.288, 0, NVIDIA A100-SXM4-40GB, 19637, 40960, 100
2026/07/15 11:53:45.322, 0, NVIDIA A100-SXM4-40GB, 16317, 40960, 100
2026/07/15 11:53:55.359, 0, NVIDIA A100-SXM4-40GB, 27677, 40960, 100
2026/07/15 11:54:05.396, 0, NVIDIA A100-SXM4-40GB, 22297, 40960, 100
2026/07/15 11:54:15.433, 0, NVIDIA A100-SXM4-40GB, 27255, 40960, 100
2026/07/15 11:54:25.490, 0, NVIDIA A100-SXM4-40GB, 17657, 40960, 100
2026/07/15 11:54:35.527, 0, NVIDIA A100-SXM4-40GB, 6775, 40960, 100
2026/07/15 11:54:45.563, 0, NVIDIA A100-SXM4-40GB, 19637, 40960, 100
2026/07/15 11:54:55.602, 0, NVIDIA A100-SXM4-40GB, 16317, 40960, 100
2026/07/15 11:55:05.636, 0, NVIDIA A100-SXM4-40GB, 19637, 40960, 100
2026/07/15 11:55:15.671, 0, NVIDIA A100-SXM4-40GB, 16317, 40960, 100
2026/07/15 11:55:25.707, 0, NVIDIA A100-SXM4-40GB, 19637, 40960, 100
2026/07/15 11:55:35.816, 0, NVIDIA A100-SXM4-40GB, 17037, 40960, 100
2026/07/15 11:55:45.924, 0, NVIDIA A100-SXM4-40GB, 27677, 40960, 100
2026/07/15 11:55:55.964, 0, NVIDIA A100-SXM4-40GB, 23379, 40960, 100
2026/07/15 11:56:05.999, 0, NVIDIA A100-SXM4-40GB, 16257, 40960, 100
2026/07/15 11:56:16.033, 0, NVIDIA A100-SXM4-40GB, 23379, 40960, 100
2026/07/15 11:56:26.068, 0, NVIDIA A100-SXM4-40GB, 16257, 40960, 100
2026/07/15 11:56:36.103, 0, NVIDIA A100-SXM4-40GB, 23379, 40960, 100
2026/07/15 11:56:46.141, 0, NVIDIA A100-SXM4-40GB, 31255, 40960, 100
2026/07/15 11:56:56.196, 0, NVIDIA A100-SXM4-40GB, 23379, 40960, 100
2026/07/15 11:57:06.243, 0, NVIDIA A100-SXM4-40GB, 31955, 40960, 100
2026/07/15 11:57:16.288, 0, NVIDIA A100-SXM4-40GB, 6775, 40960, 45
2026/07/15 11:57:26.321, 0, NVIDIA A100-SXM4-40GB, 33699, 40960, 100
2026/07/15 11:57:36.356, 0, NVIDIA A100-SXM4-40GB, 6795, 40960, 100
2026/07/15 11:57:46.392, 0, NVIDIA A100-SXM4-40GB, 33699, 40960, 100
2026/07/15 11:57:56.440, 0, NVIDIA A100-SXM4-40GB, 21895, 40960, 100
2026/07/15 11:58:06.475, 0, NVIDIA A100-SXM4-40GB, 24019, 40960, 100
2026/07/15 11:58:16.510, 0, NVIDIA A100-SXM4-40GB, 22197, 40960, 100
2026/07/15 11:58:26.545, 0, NVIDIA A100-SXM4-40GB, 23379, 40960, 100
2026/07/15 11:58:36.583, 0, NVIDIA A100-SXM4-40GB, 16257, 40960, 100
2026/07/15 11:58:46.622, 0, NVIDIA A100-SXM4-40GB, 19997, 40960, 100
2026/07/15 11:58:56.658, 0, NVIDIA A100-SXM4-40GB, 16797, 40960, 81
2026/07/15 11:59:06.699, 0, NVIDIA A100-SXM4-40GB, 20497, 40960, 91
2026/07/15 11:59:16.756, 0, NVIDIA A100-SXM4-40GB, 21575, 40960, 100
2026/07/15 11:59:26.791, 0, NVIDIA A100-SXM4-40GB, 28237, 40960, 100
2026/07/15 11:59:36.827, 0, NVIDIA A100-SXM4-40GB, 6775, 40960, 52
2026/07/15 11:59:46.859, 0, NVIDIA A100-SXM4-40GB, 7215, 40960, 100
2026/07/15 11:59:56.911, 0, NVIDIA A100-SXM4-40GB, 19997, 40960, 100
2026/07/15 12:00:06.959, 0, NVIDIA A100-SXM4-40GB, 16077, 40960, 100
2026/07/15 12:00:16.995, 0, NVIDIA A100-SXM4-40GB, 19997, 40960, 100
2026/07/15 12:00:27.030, 0, NVIDIA A100-SXM4-40GB, 16077, 40960, 100
2026/07/15 12:00:37.064, 0, NVIDIA A100-SXM4-40GB, 19997, 40960, 100
2026/07/15 12:00:47.098, 0, NVIDIA A100-SXM4-40GB, 21917, 40960, 100
2026/07/15 12:00:57.137, 0, NVIDIA A100-SXM4-40GB, 28237, 40960, 100
2026/07/15 12:01:07.173, 0, NVIDIA A100-SXM4-40GB, 6795, 40960, 100
2026/07/15 12:01:17.206, 0, NVIDIA A100-SXM4-40GB, 28237, 40960, 100
2026/07/15 12:01:27.241, 0, NVIDIA A100-SXM4-40GB, 27937, 40960, 100
2026/07/15 12:01:37.275, 0, NVIDIA A100-SXM4-40GB, 28237, 40960, 100
2026/07/15 12:01:47.311, 0, NVIDIA A100-SXM4-40GB, 27937, 40960, 100
2026/07/15 12:01:57.348, 0, NVIDIA A100-SXM4-40GB, 19997, 40960, 100
2026/07/15 12:02:07.410, 0, NVIDIA A100-SXM4-40GB, 19797, 40960, 100
2026/07/15 12:02:17.459, 0, NVIDIA A100-SXM4-40GB, 19997, 40960, 100
2026/07/15 12:02:27.497, 0, NVIDIA A100-SXM4-40GB, 19797, 40960, 100
2026/07/15 12:02:37.535, 0, NVIDIA A100-SXM4-40GB, 19997, 40960, 100
2026/07/15 12:02:47.571, 0, NVIDIA A100-SXM4-40GB, 19797, 40960, 100
2026/07/15 12:02:57.609, 0, NVIDIA A100-SXM4-40GB, 19997, 40960, 100
2026/07/15 12:03:07.646, 0, NVIDIA A100-SXM4-40GB, 19797, 40960, 100
2026/07/15 12:03:17.681, 0, NVIDIA A100-SXM4-40GB, 19997, 40960, 100
2026/07/15 12:03:27.721, 0, NVIDIA A100-SXM4-40GB, 19797, 40960, 100
2026/07/15 12:03:37.757, 0, NVIDIA A100-SXM4-40GB, 6775, 40960, 53
2026/07/15 12:03:47.796, 0, NVIDIA A100-SXM4-40GB, 26995, 40960, 100
2026/07/15 12:03:57.839, 0, NVIDIA A100-SXM4-40GB, 23335, 40960, 100
2026/07/15 12:04:07.895, 0, NVIDIA A100-SXM4-40GB, 18077, 40960, 100
2026/07/15 12:04:17.970, 0, NVIDIA A100-SXM4-40GB, 6775, 40960, 100
2026/07/15 12:04:28.004, 0, NVIDIA A100-SXM4-40GB, 20097, 40960, 100
2026/07/15 12:04:38.040, 0, NVIDIA A100-SXM4-40GB, 16257, 40960, 36
2026/07/15 12:04:48.076, 0, NVIDIA A100-SXM4-40GB, 20097, 40960, 100
2026/07/15 12:04:58.126, 0, NVIDIA A100-SXM4-40GB, 16257, 40960, 100
2026/07/15 12:05:08.163, 0, NVIDIA A100-SXM4-40GB, 20097, 40960, 100
2026/07/15 12:05:18.200, 0, NVIDIA A100-SXM4-40GB, 16257, 40960, 100
2026/07/15 12:05:28.236, 0, NVIDIA A100-SXM4-40GB, 28417, 40960, 100
2026/07/15 12:05:38.275, 0, NVIDIA A100-SXM4-40GB, 22197, 40960, 100
2026/07/15 12:05:48.311, 0, NVIDIA A100-SXM4-40GB, 28417, 40960, 100
2026/07/15 12:05:58.372, 0, NVIDIA A100-SXM4-40GB, 21475, 40960, 100
2026/07/15 12:06:08.441, 0, NVIDIA A100-SXM4-40GB, 27955, 40960, 100
2026/07/15 12:06:18.477, 0, NVIDIA A100-SXM4-40GB, 20097, 40960, 100
2026/07/15 12:06:28.512, 0, NVIDIA A100-SXM4-40GB, 6795, 40960, 27
2026/07/15 12:06:38.544, 0, NVIDIA A100-SXM4-40GB, 30579, 40960, 100
2026/07/15 12:06:48.580, 0, NVIDIA A100-SXM4-40GB, 12697, 40960, 99
2026/07/15 12:06:58.643, 0, NVIDIA A100-SXM4-40GB, 28197, 40960, 100
2026/07/15 12:07:08.692, 0, NVIDIA A100-SXM4-40GB, 30579, 40960, 100
2026/07/15 12:07:18.731, 0, NVIDIA A100-SXM4-40GB, 12697, 40960, 100
2026/07/15 12:07:28.769, 0, NVIDIA A100-SXM4-40GB, 19977, 40960, 100
2026/07/15 12:07:38.804, 0, NVIDIA A100-SXM4-40GB, 30579, 40960, 100
2026/07/15 12:07:48.842, 0, NVIDIA A100-SXM4-40GB, 31479, 40960, 100
2026/07/15 12:07:58.881, 0, NVIDIA A100-SXM4-40GB, 19977, 40960, 100
2026/07/15 12:08:08.918, 0, NVIDIA A100-SXM4-40GB, 30579, 40960, 100
2026/07/15 12:08:18.954, 0, NVIDIA A100-SXM4-40GB, 31479, 40960, 100
2026/07/15 12:08:28.989, 0, NVIDIA A100-SXM4-40GB, 19977, 40960, 100
2026/07/15 12:08:39.029, 0, NVIDIA A100-SXM4-40GB, 6775, 40960, 49
2026/07/15 12:08:49.063, 0, NVIDIA A100-SXM4-40GB, 30579, 40960, 100
2026/07/15 12:08:59.106, 0, NVIDIA A100-SXM4-40GB, 9177, 40960, 99
2026/07/15 12:09:09.144, 0, NVIDIA A100-SXM4-40GB, 16975, 40960, 100
2026/07/15 12:09:19.180, 0, NVIDIA A100-SXM4-40GB, 30579, 40960, 100
2026/07/15 12:09:29.220, 0, NVIDIA A100-SXM4-40GB, 12697, 40960, 99
2026/07/15 12:09:39.273, 0, NVIDIA A100-SXM4-40GB, 26575, 40960, 100
2026/07/15 12:09:49.310, 0, NVIDIA A100-SXM4-40GB, 30579, 40960, 100
2026/07/15 12:09:59.364, 0, NVIDIA A100-SXM4-40GB, 12697, 40960, 100
2026/07/15 12:10:09.404, 0, NVIDIA A100-SXM4-40GB, 28197, 40960, 100
2026/07/15 12:10:19.444, 0, NVIDIA A100-SXM4-40GB, 30579, 40960, 100
2026/07/15 12:10:29.488, 0, NVIDIA A100-SXM4-40GB, 12697, 40960, 100
2026/07/15 12:10:39.527, 0, NVIDIA A100-SXM4-40GB, 19977, 40960, 100
2026/07/15 12:10:49.564, 0, NVIDIA A100-SXM4-40GB, 6775, 40960, 0
2026/07/15 12:10:59.612, 0, NVIDIA A100-SXM4-40GB, 34417, 40960, 100
2026/07/15 12:11:09.654, 0, NVIDIA A100-SXM4-40GB, 12835, 40960, 100
2026/07/15 12:11:19.693, 0, NVIDIA A100-SXM4-40GB, 38477, 40960, 100
2026/07/15 12:11:29.735, 0, NVIDIA A100-SXM4-40GB, 39677, 40960, 100
2026/07/15 12:11:39.772, 0, NVIDIA A100-SXM4-40GB, 9795, 40960, 99
2026/07/15 12:11:49.808, 0, NVIDIA A100-SXM4-40GB, 34417, 40960, 100
2026/07/15 12:11:59.853, 0, NVIDIA A100-SXM4-40GB, 12835, 40960, 100
2026/07/15 12:12:09.893, 0, NVIDIA A100-SXM4-40GB, 38477, 40960, 100
2026/07/15 12:12:19.933, 0, NVIDIA A100-SXM4-40GB, 39677, 40960, 89
2026/07/15 12:12:29.971, 0, NVIDIA A100-SXM4-40GB, 12995, 40960, 99
2026/07/15 12:12:40.022, 0, NVIDIA A100-SXM4-40GB, 34417, 40960, 100
2026/07/15 12:12:50.062, 0, NVIDIA A100-SXM4-40GB, 35457, 40960, 100
2026/07/15 12:13:00.101, 0, NVIDIA A100-SXM4-40GB, 38477, 40960, 100
2026/07/15 12:13:10.141, 0, NVIDIA A100-SXM4-40GB, 38477, 40960, 100
2026/07/15 12:13:20.180, 0, NVIDIA A100-SXM4-40GB, 12995, 40960, 100
2026/07/15 12:13:30.219, 0, NVIDIA A100-SXM4-40GB, 34417, 40960, 100
2026/07/15 12:13:40.256, 0, NVIDIA A100-SXM4-40GB, 35457, 40960, 100
2026/07/15 12:13:50.308, 0, NVIDIA A100-SXM4-40GB, 6775, 40960, 99
2026/07/15 12:14:00.410, 0, NVIDIA A100-SXM4-40GB, 38477, 40960, 100
2026/07/15 12:14:10.446, 0, NVIDIA A100-SXM4-40GB, 12995, 40960, 100
2026/07/15 12:14:20.487, 0, NVIDIA A100-SXM4-40GB, 34417, 40960, 100
2026/07/15 12:14:30.522, 0, NVIDIA A100-SXM4-40GB, 34417, 40960, 100
2026/07/15 12:14:40.560, 0, NVIDIA A100-SXM4-40GB, 12835, 40960, 99
2026/07/15 12:14:50.599, 0, NVIDIA A100-SXM4-40GB, 38477, 40960, 100
2026/07/15 12:15:00.637, 0, NVIDIA A100-SXM4-40GB, 39677, 40960, 100
2026/07/15 12:15:10.676, 0, NVIDIA A100-SXM4-40GB, 6855, 40960, 51
2026/07/15 12:15:20.711, 0, NVIDIA A100-SXM4-40GB, 34417, 40960, 100
2026/07/15 12:15:30.752, 0, NVIDIA A100-SXM4-40GB, 12835, 40960, 100
2026/07/15 12:15:40.791, 0, NVIDIA A100-SXM4-40GB, 38477, 40960, 100
2026/07/15 12:15:50.841, 0, NVIDIA A100-SXM4-40GB, 39677, 40960, 100
2026/07/15 12:16:00.886, 0, NVIDIA A100-SXM4-40GB, 12995, 40960, 99
2026/07/15 12:16:10.925, 0, NVIDIA A100-SXM4-40GB, 34417, 40960, 100
2026/07/15 12:16:20.967, 0, NVIDIA A100-SXM4-40GB, 35457, 40960, 100
2026/07/15 12:16:31.031, 0, NVIDIA A100-SXM4-40GB, 38477, 40960, 100
2026/07/15 12:16:41.058, 0, NVIDIA A100-SXM4-40GB, 38477, 40960, 100
2026/07/15 12:16:51.096, 0, NVIDIA A100-SXM4-40GB, 12995, 40960, 99
2026/07/15 12:17:01.137, 0, NVIDIA A100-SXM4-40GB, 34417, 40960, 100
2026/07/15 12:17:11.179, 0, NVIDIA A100-SXM4-40GB, 35457, 40960, 100
2026/07/15 12:17:21.228, 0, NVIDIA A100-SXM4-40GB, 38477, 40960, 100
2026/07/15 12:17:31.288, 0, NVIDIA A100-SXM4-40GB, 38477, 40960, 100
2026/07/15 12:17:41.326, 0, NVIDIA A100-SXM4-40GB, 12995, 40960, 100
2026/07/15 12:17:51.364, 0, NVIDIA A100-SXM4-40GB, 19577, 40960, 100
2026/07/15 12:18:01.408, 0, NVIDIA A100-SXM4-40GB, 20017, 40960, 100
2026/07/15 12:18:11.444, 0, NVIDIA A100-SXM4-40GB, 19577, 40960, 100
2026/07/15 12:18:21.482, 0, NVIDIA A100-SXM4-40GB, 20017, 40960, 100
2026/07/15 12:18:31.518, 0, NVIDIA A100-SXM4-40GB, 6775, 40960, 100
2026/07/15 12:18:41.560, 0, NVIDIA A100-SXM4-40GB, 26415, 40960, 100
2026/07/15 12:18:51.676, 0, NVIDIA A100-SXM4-40GB, 27815, 40960, 100
2026/07/15 12:19:01.741, 0, NVIDIA A100-SXM4-40GB, 26475, 40960, 100
2026/07/15 12:19:11.808, 0, NVIDIA A100-SXM4-40GB, 27815, 40960, 100
2026/07/15 12:19:21.845, 0, NVIDIA A100-SXM4-40GB, 27577, 40960, 100
2026/07/15 12:19:31.882, 0, NVIDIA A100-SXM4-40GB, 28297, 40960, 100
2026/07/15 12:19:41.936, 0, NVIDIA A100-SXM4-40GB, 27577, 40960, 100
2026/07/15 12:19:51.975, 0, NVIDIA A100-SXM4-40GB, 28297, 40960, 100
2026/07/15 12:20:02.014, 0, NVIDIA A100-SXM4-40GB, 19577, 40960, 100
2026/07/15 12:20:12.054, 0, NVIDIA A100-SXM4-40GB, 20517, 40960, 79
2026/07/15 12:20:22.104, 0, NVIDIA A100-SXM4-40GB, 19577, 40960, 100
2026/07/15 12:20:32.141, 0, NVIDIA A100-SXM4-40GB, 20017, 40960, 100
2026/07/15 12:20:42.179, 0, NVIDIA A100-SXM4-40GB, 20037, 40960, 100
2026/07/15 12:20:52.217, 0, NVIDIA A100-SXM4-40GB, 19737, 40960, 100
2026/07/15 12:21:02.260, 0, NVIDIA A100-SXM4-40GB, 20037, 40960, 100
2026/07/15 12:21:12.297, 0, NVIDIA A100-SXM4-40GB, 19737, 40960, 100
2026/07/15 12:21:22.336, 0, NVIDIA A100-SXM4-40GB, 6775, 40960, 60
2026/07/15 12:21:32.390, 0, NVIDIA A100-SXM4-40GB, 27855, 40960, 100
2026/07/15 12:21:42.439, 0, NVIDIA A100-SXM4-40GB, 21315, 40960, 100
2026/07/15 12:21:52.477, 0, NVIDIA A100-SXM4-40GB, 27795, 40960, 100
2026/07/15 12:22:02.524, 0, NVIDIA A100-SXM4-40GB, 27395, 40960, 100
2026/07/15 12:22:12.562, 0, NVIDIA A100-SXM4-40GB, 28337, 40960, 100
2026/07/15 12:22:22.602, 0, NVIDIA A100-SXM4-40GB, 27837, 40960, 100
2026/07/15 12:22:32.651, 0, NVIDIA A100-SXM4-40GB, 20557, 40960, 87
2026/07/15 12:22:42.688, 0, NVIDIA A100-SXM4-40GB, 20717, 40960, 100
2026/07/15 12:22:52.726, 0, NVIDIA A100-SXM4-40GB, 20037, 40960, 100
2026/07/15 12:23:02.770, 0, NVIDIA A100-SXM4-40GB, 19737, 40960, 100
2026/07/15 12:23:12.807, 0, NVIDIA A100-SXM4-40GB, 20037, 40960, 100
2026/07/15 12:23:22.844, 0, NVIDIA A100-SXM4-40GB, 19737, 40960, 100
2026/07/15 12:23:32.881, 0, NVIDIA A100-SXM4-40GB, 24579, 40960, 100
2026/07/15 12:23:42.941, 0, NVIDIA A100-SXM4-40GB, 35615, 40960, 100
2026/07/15 12:23:53.011, 0, NVIDIA A100-SXM4-40GB, 25259, 40960, 100
2026/07/15 12:24:03.052, 0, NVIDIA A100-SXM4-40GB, 24579, 40960, 100
2026/07/15 12:24:13.099, 0, NVIDIA A100-SXM4-40GB, 33795, 40960, 100
2026/07/15 12:24:23.136, 0, NVIDIA A100-SXM4-40GB, 36159, 40960, 100
2026/07/15 12:24:33.177, 0, NVIDIA A100-SXM4-40GB, 24579, 40960, 100
2026/07/15 12:24:43.237, 0, NVIDIA A100-SXM4-40GB, 6775, 40960, 100
2026/07/15 12:24:53.273, 0, NVIDIA A100-SXM4-40GB, 36159, 40960, 100
2026/07/15 12:25:03.313, 0, NVIDIA A100-SXM4-40GB, 24579, 40960, 100
2026/07/15 12:25:13.349, 0, NVIDIA A100-SXM4-40GB, 24579, 40960, 100
2026/07/15 12:25:23.386, 0, NVIDIA A100-SXM4-40GB, 36159, 40960, 100
2026/07/15 12:25:33.423, 0, NVIDIA A100-SXM4-40GB, 19577, 40960, 100
2026/07/15 12:25:43.460, 0, NVIDIA A100-SXM4-40GB, 30899, 40960, 100
2026/07/15 12:25:53.497, 0, NVIDIA A100-SXM4-40GB, 31799, 40960, 100
2026/07/15 12:26:03.553, 0, NVIDIA A100-SXM4-40GB, 19577, 40960, 100
2026/07/15 12:26:13.592, 0, NVIDIA A100-SXM4-40GB, 30899, 40960, 100
2026/07/15 12:26:23.632, 0, NVIDIA A100-SXM4-40GB, 31799, 40960, 100
2026/07/15 12:26:33.672, 0, NVIDIA A100-SXM4-40GB, 19577, 40960, 100
2026/07/15 12:26:43.710, 0, NVIDIA A100-SXM4-40GB, 30899, 40960, 100
2026/07/15 12:26:53.747, 0, NVIDIA A100-SXM4-40GB, 31799, 40960, 100
2026/07/15 12:27:03.803, 0, NVIDIA A100-SXM4-40GB, 6775, 40960, 39
2026/07/15 12:27:13.859, 0, NVIDIA A100-SXM4-40GB, 27239, 40960, 100
2026/07/15 12:27:23.894, 0, NVIDIA A100-SXM4-40GB, 30899, 40960, 100
2026/07/15 12:27:33.933, 0, NVIDIA A100-SXM4-40GB, 11397, 40960, 99
2026/07/15 12:27:43.994, 0, NVIDIA A100-SXM4-40GB, 26295, 40960, 100
2026/07/15 12:27:54.048, 0, NVIDIA A100-SXM4-40GB, 30899, 40960, 100
2026/07/15 12:28:04.087, 0, NVIDIA A100-SXM4-40GB, 9757, 40960, 99
2026/07/15 12:28:14.122, 0, NVIDIA A100-SXM4-40GB, 27577, 40960, 100
2026/07/15 12:28:24.162, 0, NVIDIA A100-SXM4-40GB, 30899, 40960, 100
2026/07/15 12:28:34.203, 0, NVIDIA A100-SXM4-40GB, 10677, 40960, 100
2026/07/15 12:28:44.259, 0, NVIDIA A100-SXM4-40GB, 19577, 40960, 100
2026/07/15 12:28:54.296, 0, NVIDIA A100-SXM4-40GB, 30899, 40960, 100
2026/07/15 12:29:04.335, 0, NVIDIA A100-SXM4-40GB, 12717, 40960, 100
2026/07/15 12:29:14.373, 0, NVIDIA A100-SXM4-40GB, 19577, 40960, 100
2026/07/15 12:29:24.412, 0, NVIDIA A100-SXM4-40GB, 30899, 40960, 100
2026/07/15 12:29:34.447, 0, NVIDIA A100-SXM4-40GB, 31799, 40960, 100
2026/07/15 12:29:44.482, 0, NVIDIA A100-SXM4-40GB, 19997, 40960, 100
2026/07/15 12:29:54.519, 0, NVIDIA A100-SXM4-40GB, 16297, 40960, 100
2026/07/15 12:30:04.555, 0, NVIDIA A100-SXM4-40GB, 19997, 40960, 100
2026/07/15 12:30:14.602, 0, NVIDIA A100-SXM4-40GB, 16297, 40960, 100
2026/07/15 12:30:24.639, 0, NVIDIA A100-SXM4-40GB, 19997, 40960, 100
2026/07/15 12:30:34.675, 0, NVIDIA A100-SXM4-40GB, 17017, 40960, 75
2026/07/15 12:30:44.726, 0, NVIDIA A100-SXM4-40GB, 20497, 40960, 80
2026/07/15 12:30:54.766, 0, NVIDIA A100-SXM4-40GB, 22257, 40960, 100
2026/07/15 12:31:04.813, 0, NVIDIA A100-SXM4-40GB, 28237, 40960, 100
2026/07/15 12:31:14.848, 0, NVIDIA A100-SXM4-40GB, 6775, 40960, 100
2026/07/15 12:31:24.883, 0, NVIDIA A100-SXM4-40GB, 27775, 40960, 100
2026/07/15 12:31:34.918, 0, NVIDIA A100-SXM4-40GB, 19997, 40960, 100
2026/07/15 12:31:44.970, 0, NVIDIA A100-SXM4-40GB, 16297, 40960, 100
2026/07/15 12:31:55.006, 0, NVIDIA A100-SXM4-40GB, 19997, 40960, 100
2026/07/15 12:32:05.043, 0, NVIDIA A100-SXM4-40GB, 16297, 40960, 100
2026/07/15 12:32:15.079, 0, NVIDIA A100-SXM4-40GB, 19597, 40960, 100
2026/07/15 12:32:25.117, 0, NVIDIA A100-SXM4-40GB, 19897, 40960, 100
2026/07/15 12:32:35.168, 0, NVIDIA A100-SXM4-40GB, 19597, 40960, 100
2026/07/15 12:32:45.204, 0, NVIDIA A100-SXM4-40GB, 19897, 40960, 100
2026/07/15 12:32:55.257, 0, NVIDIA A100-SXM4-40GB, 19597, 40960, 100
2026/07/15 12:33:05.301, 0, NVIDIA A100-SXM4-40GB, 19897, 40960, 100
2026/07/15 12:33:15.338, 0, NVIDIA A100-SXM4-40GB, 6775, 40960, 50
2026/07/15 12:33:25.386, 0, NVIDIA A100-SXM4-40GB, 17897, 40960, 100
2026/07/15 12:33:35.496, 0, NVIDIA A100-SXM4-40GB, 6775, 40960, 100
2026/07/15 12:33:45.563, 0, NVIDIA A100-SXM4-40GB, 27195, 40960, 100
2026/07/15 12:33:55.616, 0, NVIDIA A100-SXM4-40GB, 27615, 40960, 100
2026/07/15 12:34:05.652, 0, NVIDIA A100-SXM4-40GB, 27637, 40960, 100
2026/07/15 12:34:15.688, 0, NVIDIA A100-SXM4-40GB, 27615, 40960, 100
2026/07/15 12:34:25.734, 0, NVIDIA A100-SXM4-40GB, 27637, 40960, 100
2026/07/15 12:34:35.774, 0, NVIDIA A100-SXM4-40GB, 28077, 40960, 100
2026/07/15 12:34:45.824, 0, NVIDIA A100-SXM4-40GB, 20577, 40960, 79
2026/07/15 12:34:55.863, 0, NVIDIA A100-SXM4-40GB, 20397, 40960, 100
2026/07/15 12:35:05.904, 0, NVIDIA A100-SXM4-40GB, 19797, 40960, 100
2026/07/15 12:35:15.955, 0, NVIDIA A100-SXM4-40GB, 19657, 40960, 100
2026/07/15 12:35:25.992, 0, NVIDIA A100-SXM4-40GB, 19797, 40960, 100
2026/07/15 12:35:36.045, 0, NVIDIA A100-SXM4-40GB, 19657, 40960, 100
2026/07/15 12:35:46.085, 0, NVIDIA A100-SXM4-40GB, 19797, 40960, 100
2026/07/15 12:35:56.135, 0, NVIDIA A100-SXM4-40GB, 19657, 40960, 100
2026/07/15 12:36:06.170, 0, NVIDIA A100-SXM4-40GB, 19797, 40960, 100
2026/07/15 12:36:16.205, 0, NVIDIA A100-SXM4-40GB, 19657, 40960, 100
2026/07/15 12:36:26.242, 0, NVIDIA A100-SXM4-40GB, 6775, 40960, 55
2026/07/15 12:36:36.276, 0, NVIDIA A100-SXM4-40GB, 13635, 40960, 100
2026/07/15 12:36:46.327, 0, NVIDIA A100-SXM4-40GB, 6775, 40960, 100
2026/07/15 12:36:56.378, 0, NVIDIA A100-SXM4-40GB, 27495, 40960, 100
2026/07/15 12:37:06.415, 0, NVIDIA A100-SXM4-40GB, 27717, 40960, 100
2026/07/15 12:37:16.474, 0, NVIDIA A100-SXM4-40GB, 27937, 40960, 100
2026/07/15 12:37:26.509, 0, NVIDIA A100-SXM4-40GB, 27717, 40960, 100
2026/07/15 12:37:36.543, 0, NVIDIA A100-SXM4-40GB, 20777, 40960, 100
2026/07/15 12:37:46.585, 0, NVIDIA A100-SXM4-40GB, 27717, 40960, 100
2026/07/15 12:37:56.622, 0, NVIDIA A100-SXM4-40GB, 16257, 40960, 100
2026/07/15 12:38:06.660, 0, NVIDIA A100-SXM4-40GB, 27637, 40960, 100
2026/07/15 12:38:16.696, 0, NVIDIA A100-SXM4-40GB, 22197, 40960, 100
2026/07/15 12:38:26.746, 0, NVIDIA A100-SXM4-40GB, 26475, 40960, 100
2026/07/15 12:38:36.802, 0, NVIDIA A100-SXM4-40GB, 19597, 40960, 100
2026/07/15 12:38:46.844, 0, NVIDIA A100-SXM4-40GB, 6795, 40960, 100
2026/07/15 12:38:56.879, 0, NVIDIA A100-SXM4-40GB, 19597, 40960, 100
2026/07/15 12:39:06.914, 0, NVIDIA A100-SXM4-40GB, 16257, 40960, 100
2026/07/15 12:39:16.975, 0, NVIDIA A100-SXM4-40GB, 19597, 40960, 100
2026/07/15 12:39:27.089, 0, NVIDIA A100-SXM4-40GB, 16257, 40960, 100
2026/07/15 12:39:37.125, 0, NVIDIA A100-SXM4-40GB, 21977, 40960, 100
2026/07/15 12:39:47.163, 0, NVIDIA A100-SXM4-40GB, 22197, 40960, 100
2026/07/15 12:39:57.199, 0, NVIDIA A100-SXM4-40GB, 27637, 40960, 100
2026/07/15 12:40:07.251, 0, NVIDIA A100-SXM4-40GB, 20855, 40960, 100
2026/07/15 12:40:17.287, 0, NVIDIA A100-SXM4-40GB, 6795, 40960, 100
2026/07/15 12:40:27.322, 0, NVIDIA A100-SXM4-40GB, 27497, 40960, 100
2026/07/15 12:40:37.358, 0, NVIDIA A100-SXM4-40GB, 38517, 40960, 100
2026/07/15 12:40:47.408, 0, NVIDIA A100-SXM4-40GB, 39717, 40960, 100
2026/07/15 12:40:57.447, 0, NVIDIA A100-SXM4-40GB, 12995, 40960, 99
2026/07/15 12:41:07.514, 0, NVIDIA A100-SXM4-40GB, 27497, 40960, 100
2026/07/15 12:41:17.551, 0, NVIDIA A100-SXM4-40GB, 38517, 40960, 100
2026/07/15 12:41:27.586, 0, NVIDIA A100-SXM4-40GB, 39717, 40960, 100
2026/07/15 12:41:37.621, 0, NVIDIA A100-SXM4-40GB, 6775, 40960, 50
2026/07/15 12:41:47.679, 0, NVIDIA A100-SXM4-40GB, 26255, 40960, 100
2026/07/15 12:41:57.735, 0, NVIDIA A100-SXM4-40GB, 38517, 40960, 100
2026/07/15 12:42:07.773, 0, NVIDIA A100-SXM4-40GB, 39717, 40960, 100
2026/07/15 12:42:17.809, 0, NVIDIA A100-SXM4-40GB, 19537, 40960, 100
2026/07/15 12:42:27.845, 0, NVIDIA A100-SXM4-40GB, 38517, 40960, 100
2026/07/15 12:42:37.881, 0, NVIDIA A100-SXM4-40GB, 38517, 40960, 100
2026/07/15 12:42:47.930, 0, NVIDIA A100-SXM4-40GB, 10995, 40960, 100
2026/07/15 12:42:57.969, 0, NVIDIA A100-SXM4-40GB, 19537, 40960, 100
2026/07/15 12:43:08.005, 0, NVIDIA A100-SXM4-40GB, 38517, 40960, 100
2026/07/15 12:43:18.049, 0, NVIDIA A100-SXM4-40GB, 38517, 40960, 100
2026/07/15 12:43:28.086, 0, NVIDIA A100-SXM4-40GB, 12995, 40960, 100
2026/07/15 12:43:38.148, 0, NVIDIA A100-SXM4-40GB, 19537, 40960, 100
2026/07/15 12:43:48.198, 0, NVIDIA A100-SXM4-40GB, 38517, 40960, 100
2026/07/15 12:43:58.237, 0, NVIDIA A100-SXM4-40GB, 38517, 40960, 100
2026/07/15 12:44:08.299, 0, NVIDIA A100-SXM4-40GB, 9055, 40960, 99
2026/07/15 12:44:18.335, 0, NVIDIA A100-SXM4-40GB, 19537, 40960, 100
2026/07/15 12:44:28.374, 0, NVIDIA A100-SXM4-40GB, 38517, 40960, 100
2026/07/15 12:44:38.412, 0, NVIDIA A100-SXM4-40GB, 39717, 40960, 100
2026/07/15 12:44:48.461, 0, NVIDIA A100-SXM4-40GB, 12995, 40960, 99
2026/07/15 12:44:58.499, 0, NVIDIA A100-SXM4-40GB, 27497, 40960, 100
2026/07/15 12:45:08.565, 0, NVIDIA A100-SXM4-40GB, 38517, 40960, 100
2026/07/15 12:45:18.621, 0, NVIDIA A100-SXM4-40GB, 39717, 40960, 100
2026/07/15 12:45:28.659, 0, NVIDIA A100-SXM4-40GB, 12995, 40960, 99
2026/07/15 12:45:38.698, 0, NVIDIA A100-SXM4-40GB, 34417, 40960, 100
2026/07/15 12:45:48.735, 0, NVIDIA A100-SXM4-40GB, 35457, 40960, 100
2026/07/15 12:45:58.782, 0, NVIDIA A100-SXM4-40GB, 19657, 40960, 100
2026/07/15 12:46:08.829, 0, NVIDIA A100-SXM4-40GB, 34417, 40960, 100
2026/07/15 12:46:18.888, 0, NVIDIA A100-SXM4-40GB, 34417, 40960, 100
2026/07/15 12:46:28.951, 0, NVIDIA A100-SXM4-40GB, 12835, 40960, 99
2026/07/15 12:46:39.007, 0, NVIDIA A100-SXM4-40GB, 27295, 40960, 100
2026/07/15 12:46:49.046, 0, NVIDIA A100-SXM4-40GB, 34417, 40960, 100
2026/07/15 12:46:59.085, 0, NVIDIA A100-SXM4-40GB, 31697, 40960, 100
2026/07/15 12:47:09.120, 0, NVIDIA A100-SXM4-40GB, 19657, 40960, 100
2026/07/15 12:47:19.156, 0, NVIDIA A100-SXM4-40GB, 34417, 40960, 100
2026/07/15 12:47:29.230, 0, NVIDIA A100-SXM4-40GB, 35457, 40960, 100
2026/07/15 12:47:39.267, 0, NVIDIA A100-SXM4-40GB, 12835, 40960, 99
2026/07/15 12:47:49.341, 0, NVIDIA A100-SXM4-40GB, 26515, 40960, 100
2026/07/15 12:47:59.382, 0, NVIDIA A100-SXM4-40GB, 34417, 40960, 100
2026/07/15 12:48:09.419, 0, NVIDIA A100-SXM4-40GB, 12835, 40960, 100
2026/07/15 12:48:19.469, 0, NVIDIA A100-SXM4-40GB, 19657, 40960, 100
2026/07/15 12:48:29.518, 0, NVIDIA A100-SXM4-40GB, 34417, 40960, 100
2026/07/15 12:48:39.565, 0, NVIDIA A100-SXM4-40GB, 35457, 40960, 100
2026/07/15 12:48:49.606, 0, NVIDIA A100-SXM4-40GB, 12835, 40960, 99
2026/07/15 12:48:59.670, 0, NVIDIA A100-SXM4-40GB, 27295, 40960, 100
2026/07/15 12:49:09.719, 0, NVIDIA A100-SXM4-40GB, 34417, 40960, 100
2026/07/15 12:49:19.754, 0, NVIDIA A100-SXM4-40GB, 12835, 40960, 100
2026/07/15 12:49:29.798, 0, NVIDIA A100-SXM4-40GB, 19657, 40960, 100
2026/07/15 12:49:39.857, 0, NVIDIA A100-SXM4-40GB, 34417, 40960, 100
2026/07/15 12:49:49.893, 0, NVIDIA A100-SXM4-40GB, 35457, 40960, 100
2026/07/15 12:49:59.943, 0, NVIDIA A100-SXM4-40GB, 12835, 40960, 99
2026/07/15 12:50:09.998, 0, NVIDIA A100-SXM4-40GB, 26515, 40960, 100
2026/07/15 12:50:20.038, 0, NVIDIA A100-SXM4-40GB, 28337, 40960, 100
2026/07/15 12:50:30.079, 0, NVIDIA A100-SXM4-40GB, 34217, 40960, 100
2026/07/15 12:50:40.115, 0, NVIDIA A100-SXM4-40GB, 35237, 40960, 100
2026/07/15 12:50:50.151, 0, NVIDIA A100-SXM4-40GB, 20037, 40960, 100
2026/07/15 12:51:00.189, 0, NVIDIA A100-SXM4-40GB, 34217, 40960, 100
2026/07/15 12:51:10.237, 0, NVIDIA A100-SXM4-40GB, 34217, 40960, 100
2026/07/15 12:51:20.273, 0, NVIDIA A100-SXM4-40GB, 12835, 40960, 99
2026/07/15 12:51:30.310, 0, NVIDIA A100-SXM4-40GB, 28337, 40960, 100
2026/07/15 12:51:40.345, 0, NVIDIA A100-SXM4-40GB, 34217, 40960, 100
2026/07/15 12:51:50.413, 0, NVIDIA A100-SXM4-40GB, 11215, 40960, 100
2026/07/15 12:52:00.454, 0, NVIDIA A100-SXM4-40GB, 20037, 40960, 100
2026/07/15 12:52:10.505, 0, NVIDIA A100-SXM4-40GB, 34217, 40960, 100
2026/07/15 12:52:20.545, 0, NVIDIA A100-SXM4-40GB, 35237, 40960, 79
2026/07/15 12:52:30.606, 0, NVIDIA A100-SXM4-40GB, 12835, 40960, 99
2026/07/15 12:52:40.644, 0, NVIDIA A100-SXM4-40GB, 28337, 40960, 100
2026/07/15 12:52:50.695, 0, NVIDIA A100-SXM4-40GB, 34217, 40960, 100
2026/07/15 12:53:00.734, 0, NVIDIA A100-SXM4-40GB, 12835, 40960, 100
2026/07/15 12:53:10.770, 0, NVIDIA A100-SXM4-40GB, 20037, 40960, 100
2026/07/15 12:53:20.816, 0, NVIDIA A100-SXM4-40GB, 34217, 40960, 100
2026/07/15 12:53:30.851, 0, NVIDIA A100-SXM4-40GB, 35237, 40960, 100
2026/07/15 12:53:40.939, 0, NVIDIA A100-SXM4-40GB, 12835, 40960, 99
2026/07/15 12:53:50.987, 0, NVIDIA A100-SXM4-40GB, 28337, 40960, 100
2026/07/15 12:54:01.025, 0, NVIDIA A100-SXM4-40GB, 34217, 40960, 100
2026/07/15 12:54:11.060, 0, NVIDIA A100-SXM4-40GB, 12835, 40960, 100
2026/07/15 12:54:21.111, 0, NVIDIA A100-SXM4-40GB, 20037, 40960, 100
2026/07/15 12:54:31.149, 0, NVIDIA A100-SXM4-40GB, 34217, 40960, 100
2026/07/15 12:54:41.198, 0, NVIDIA A100-SXM4-40GB, 35237, 40960, 100
2026/07/15 12:54:51.259, 0, NVIDIA A100-SXM4-40GB, 12835, 40960, 99
2026/07/15 12:55:01.297, 0, NVIDIA A100-SXM4-40GB, 9097, 40960, 100
2026/07/15 12:55:11.359, 0, NVIDIA A100-SXM4-40GB, 6775, 40960, 0
2026/07/15 12:55:21.393, 0, NVIDIA A100-SXM4-40GB, 6775, 40960, 0
